{
  "loaders": [
    {
      "node": 5,
      "image": "image0",
      "kenScore": 0,
      "allenScore": 0,
      "items": "",
      "savename": "load1",
      "savedate": "15:21:45 18/01/2024"
    },
    {
      "node": 9,
      "image": "image1",
      "kenScore": 0,
      "allenScore": 0,
      "items": "",
      "savename": "load23",
      "savedate": "15:30:59 18/01/2024"
    },
    {
      "node": 4,
      "image": "image2",
      "kenScore": 0,
      "allenScore": 0,
      "items": "",
      "savename": "load3",
      "savedate": "12:04:31 17/01/2024"
    },
    {
      "node": 1,
      "image": "image3",
      "kenScore": 0,
      "allenScore": 0,
      "items": "",
      "savename": "load4",
      "savedate": "12:04:37 17/01/2024"
    },
    {
      "node": 1,
      "image": "image4",
      "kenScore": 0,
      "allenScore": 0,
      "items": "",
      "savename": "load5",
      "savedate": "12:04:43 17/01/2024"
    },
    {
      "node": 0,
      "image": "",
      "kenScore": 0,
      "allenScore": 0,
      "items": "",
      "savename": "",
      "savedate": ""
    }
  ],
  "active": 1
}