{
  "loaders": [
    {
      "node": 0,
      "image": "",
      "kenScore": 0,
      "allenScore": 0,
      "items": "",
      "savename": "",
      "savedate": ""
    },
    {
      "node": 0,
      "image": "",
      "kenScore": 0,
      "allenScore": 0,
      "items": "",
      "savename": "",
      "savedate": ""
    },
    {
      "node": 0,
      "image": "",
      "kenScore": 0,
      "allenScore": 0,
      "items": "",
      "savename": "",
      "savedate": ""
    },
    {
      "node": 0,
      "image": "",
      "kenScore": 0,
      "allenScore": 0,
      "items": "",
      "savename": "",
      "savedate": ""
    },
    {
      "node": 0,
      "image": "",
      "kenScore": 0,
      "allenScore": 0,
      "items": "",
      "savename": "",
      "savedate": ""
    },
    {
      "node": 0,
      "image": "",
      "kenScore": 0,
      "allenScore": 0,
      "items": "",
      "savename": "",
      "savedate": ""
    }
  ],
  "active": 1
}