{
  "loaders": [
    {
      "node": 5,
      "image": "image0",
      "kenScore": 0,
      "allenScore": 0,
      "items": "",
      "savename": "",
      "savedate": "19:30:45 18/01/2024"
    },
    {
      "node": 0,
      "image": "",
      "kenScore": 0,
      "allenScore": 0,
      "items": "",
      "savename": "",
      "savedate": ""
    },
    {
      "node": 0,
      "image": "",
      "kenScore": 0,
      "allenScore": 0,
      "items": "",
      "savename": "",
      "savedate": ""
    },
    {
      "node": 0,
      "image": "",
      "kenScore": 0,
      "allenScore": 0,
      "items": "",
      "savename": "",
      "savedate": ""
    },
    {
      "node": 0,
      "image": "",
      "kenScore": 0,
      "allenScore": 0,
      "items": "",
      "savename": "",
      "savedate": ""
    },
    {
      "node": 0,
      "image": "",
      "kenScore": 0,
      "allenScore": 0,
      "items": "",
      "savename": "",
      "savedate": ""
    }
  ],
  "active": 0
}